{
  "user_patterns": {
    "A": {
      "pattern": {
        "hand_width": 0.2549845416666667,
        "hand_height": 0.2920132916666666,
        "finger_angles": {
          "thumb": 167.63018139115044,
          "index": 114.79848364692407,
          "middle": 103.48685508536585,
          "ring": 93.94078515143538,
          "pinky": 82.98498424971744
        },
        "finger_distances": {
          "4_8": 0.16653654716304722,
          "4_12": 0.1942296918948332,
          "4_16": 0.23313586111468107,
          "4_20": 0.2624977285502179,
          "8_12": 0.035723271094269725,
          "8_16": 0.07947406515011594,
          "8_20": 0.11323455159067325,
          "12_16": 0.044085520955612634,
          "12_20": 0.07775709483883918,
          "16_20": 0.03508529892881638
        }
      },
      "tolerances": {
        "stability_frames": 10,
        "confidence_threshold": 0.7,
        "angle_tolerance": 10,
        "distance_tolerance": 0.03
      },
      "sample_count": 24,
      "calibration_date": 1759020556.0259652
    },
    "F": {
      "pattern": {
        "hand_width": 0.21856972000000002,
        "hand_height": 0.4362474,
        "finger_angles": {
          "thumb": 157.48301038623373,
          "index": 119.84224357510585,
          "middle": 173.29769408624648,
          "ring": 177.2325869563896,
          "pinky": 175.29837406932867
        },
        "finger_distances": {
          "4_8": 0.03507099296975684,
          "4_12": 0.2665479510227295,
          "4_16": 0.27924842401185396,
          "4_20": 0.26270078903641636,
          "8_12": 0.24889678583473399,
          "8_16": 0.26045435595541766,
          "8_20": 0.2428003944894654,
          "12_16": 0.030667105921232594,
          "12_20": 0.09483724012668134,
          "16_20": 0.07163149133938586
        }
      },
      "tolerances": {
        "stability_frames": 10,
        "confidence_threshold": 0.7,
        "angle_tolerance": 10,
        "distance_tolerance": 0.03
      },
      "sample_count": 50,
      "calibration_date": 1759003012.067029
    },
    "E": {
      "pattern": {
        "hand_width": 0.20475272,
        "hand_height": 0.32617166,
        "finger_angles": {
          "thumb": 167.182240198034,
          "index": 131.28391867761243,
          "middle": 126.08673260549487,
          "ring": 123.521072063969,
          "pinky": 129.89875740303043
        },
        "finger_distances": {
          "4_8": 0.03679241556829995,
          "4_12": 0.04799520000703814,
          "4_16": 0.06401772137844641,
          "4_20": 0.07781182754435777,
          "8_12": 0.017167517207810745,
          "8_16": 0.04140095354837339,
          "8_20": 0.051536573155226646,
          "12_16": 0.02520419868035718,
          "12_20": 0.03545836100137082,
          "16_20": 0.016602857921056056
        }
      },
      "tolerances": {
        "stability_frames": 10,
        "confidence_threshold": 0.7,
        "angle_tolerance": 10,
        "distance_tolerance": 0.03
      },
      "sample_count": 50,
      "calibration_date": 1759003012.0690296
    },
    "5": {
      "pattern": {
        "hand_width": 0.22235411999999996,
        "hand_height": 0.44098022,
        "finger_angles": {
          "thumb": 157.5117137812896,
          "index": 166.53258929463365,
          "middle": 167.06653328515642,
          "ring": 166.85712139865691,
          "pinky": 170.15762470789377
        },
        "finger_distances": {
          "4_8": 0.17617541768593253,
          "4_12": 0.19805427005126425,
          "4_16": 0.17670951479729613,
          "4_20": 0.13976851772147897,
          "8_12": 0.061499133750686254,
          "8_16": 0.09713192603886597,
          "8_20": 0.14845934494275062,
          "12_16": 0.053411783185747776,
          "12_20": 0.12537857693694618,
          "16_20": 0.07900532445932291
        }
      },
      "tolerances": {
        "stability_frames": 10,
        "confidence_threshold": 0.7,
        "angle_tolerance": 10,
        "distance_tolerance": 0.03
      },
      "sample_count": 50,
      "calibration_date": 1759020556.0269659
    },
    "C": {
      "pattern": {
        "hand_width": 0.31825374000000006,
        "hand_height": 0.39787424,
        "finger_angles": {
          "thumb": 151.56489200561842,
          "index": 170.66017700329965,
          "middle": 170.35467905544957,
          "ring": 170.53430218592308,
          "pinky": 171.85145798018522
        },
        "finger_distances": {
          "4_8": 0.2073466721076434,
          "4_12": 0.23347590954542347,
          "4_16": 0.20444668410046515,
          "4_20": 0.158886680074937,
          "8_12": 0.06111984245603444,
          "8_16": 0.09036916334327096,
          "8_20": 0.15832542728610086,
          "12_16": 0.05670962810910227,
          "12_20": 0.14120414203185958,
          "16_20": 0.08916832280205977
        }
      },
      "tolerances": {
        "stability_frames": 10,
        "confidence_threshold": 0.7,
        "angle_tolerance": 10,
        "distance_tolerance": 0.03
      },
      "sample_count": 50,
      "calibration_date": 1759020556.023965
    },
    "M": {
      "pattern": {
        "hand_width": 0.18843497999999997,
        "hand_height": 0.30982864,
        "finger_angles": {
          "thumb": 166.24918754909635,
          "index": 109.9559044390009,
          "middle": 105.55631220072053,
          "ring": 106.20719140830896,
          "pinky": 115.9299199655939
        },
        "finger_distances": {
          "4_8": 0.07001024251031261,
          "4_12": 0.09118064924445601,
          "4_16": 0.10817816592098844,
          "4_20": 0.12892732554535147,
          "8_12": 0.03167138332477152,
          "8_16": 0.057683664637937095,
          "8_20": 0.08599033493092686,
          "12_16": 0.027896274984684766,
          "12_20": 0.05926857687937642,
          "16_20": 0.035265784084944206
        }
      },
      "tolerances": {
        "stability_frames": 10,
        "confidence_threshold": 0.7,
        "angle_tolerance": 10,
        "distance_tolerance": 0.03
      },
      "sample_count": 50,
      "calibration_date": 1759003012.0640287
    },
    "S": {
      "pattern": {
        "hand_width": 0.20727939130434778,
        "hand_height": 0.20985341304347827,
        "finger_angles": {
          "thumb": 157.0374176333111,
          "index": 158.72048812548238,
          "middle": 156.780553280202,
          "ring": 154.8438835298958,
          "pinky": 155.31122282296926
        },
        "finger_distances": {
          "4_8": 0.06626703480410788,
          "4_12": 0.09356355690415512,
          "4_16": 0.10871130172283783,
          "4_20": 0.1077749589036234,
          "8_12": 0.03416493071054792,
          "8_16": 0.05205758147400425,
          "8_20": 0.05467333903097909,
          "12_16": 0.019624015099855084,
          "12_20": 0.03543182997547849,
          "16_20": 0.02851431396137158
        }
      },
      "tolerances": {
        "stability_frames": 10,
        "confidence_threshold": 0.7,
        "angle_tolerance": 10,
        "distance_tolerance": 0.03
      },
      "sample_count": 46,
      "calibration_date": 1759003012.0660293
    },
    "T": {
      "pattern": {
        "hand_width": 0.19732722000000003,
        "hand_height": 0.39625059999999995,
        "finger_angles": {
          "thumb": 131.33466522504474,
          "index": 104.86489075261323,
          "middle": 100.35734518324455,
          "ring": 99.26325190607704,
          "pinky": 106.85365609028506
        },
        "finger_distances": {
          "4_8": 0.0962073702822862,
          "4_12": 0.09407157551094544,
          "4_16": 0.09008823033141335,
          "4_20": 0.11529326403859498,
          "8_12": 0.04173042865821312,
          "8_16": 0.08448931680280924,
          "8_20": 0.1351514218664452,
          "12_16": 0.04601480107117557,
          "12_20": 0.0995168909311422,
          "16_20": 0.05607134937704863
        }
      },