{
  "user_patterns": {
    "A": {
      "pattern": {
        "hand_width": 0.17622256,
        "hand_height": 0.31476002000000003,
        "finger_angles": {
          "thumb": 137.91095846801744,
          "index": 115.7461997255406,
          "middle": 112.11257611131572,
          "ring": 110.8349941175172,
          "pinky": 118.32454120131908
        },
        "finger_distances": {
          "4_8": 0.10295742098306594,
          "4_12": 0.11308422520155303,
          "4_16": 0.12557213691898528,
          "4_20": 0.14479126960801555,
          "8_12": 0.04290162824918343,
          "8_16": 0.08413330430169483,
          "8_20": 0.1263425530724731,
          "12_16": 0.043370804616243944,
          "12_20": 0.08792835501401827,
          "16_20": 0.04727679519551289
        }
      },
      "tolerances": {
        "stability_frames": 10,
        "confidence_threshold": 0.7,
        "angle_tolerance": 10,
        "distance_tolerance": 0.03
      },
      "sample_count": 50,
      "calibration_date": 1759003012.0630286
    },
    "F": {
      "pattern": {
        "hand_width": 0.21856972000000002,
        "hand_height": 0.4362474,
        "finger_angles": {
          "thumb": 157.48301038623373,
          "index": 119.84224357510585,
          "middle": 173.29769408624648,
          "ring": 177.2325869563896,
          "pinky": 175.29837406932867
        },
        "finger_distances": {
          "4_8": 0.03507099296975684,
          "4_12": 0.2665479510227295,
          "4_16": 0.27924842401185396,
          "4_20": 0.26270078903641636,
          "8_12": 0.24889678583473399,
          "8_16": 0.26045435595541766,
          "8_20": 0.2428003944894654,
          "12_16": 0.030667105921232594,
          "12_20": 0.09483724012668134,
          "16_20": 0.07163149133938586
        }
      },
      "tolerances": {
        "stability_frames": 10,
        "confidence_threshold": 0.7,
        "angle_tolerance": 10,
        "distance_tolerance": 0.03
      },
      "sample_count": 50,
      "calibration_date": 1759003012.067029
    },
    "E": {
      "pattern": {
        "hand_width": 0.20475272,
        "hand_height": 0.32617166,
        "finger_angles": {
          "thumb": 167.182240198034,
          "index": 131.28391867761243,
          "middle": 126.08673260549487,
          "ring": 123.521072063969,
          "pinky": 129.89875740303043
        },
        "finger_distances": {
          "4_8": 0.03679241556829995,
          "4_12": 0.04799520000703814,
          "4_16": 0.06401772137844641,
          "4_20": 0.07781182754435777,
          "8_12": 0.017167517207810745,
          "8_16": 0.04140095354837339,
          "8_20": 0.051536573155226646,
          "12_16": 0.02520419868035718,
          "12_20": 0.03545836100137082,
          "16_20": 0.016602857921056056
        }
      },
      "tolerances": {
        "stability_frames": 10,
        "confidence_threshold": 0.7,
        "angle_tolerance": 10,
        "distance_tolerance": 0.03
      },
      "sample_count": 50,
      "calibration_date": 1759003012.0690296
    },
    "5": {
      "pattern": {
        "hand_width": 0.19278019999999998,
        "hand_height": 0.36581912000000005,
        "finger_angles": {
          "thumb": 162.83762763287476,
          "index": 168.00607787748126,
          "middle": 164.57698128516094,
          "ring": 163.84598160941425,
          "pinky": 164.86517510527716
        },
        "finger_distances": {
          "4_8": 0.17477716159804926,
          "4_12": 0.21578163531525704,
          "4_16": 0.23218085461004798,
          "4_20": 0.23835989331229965,
          "8_12": 0.06625992120680307,
          "8_16": 0.10804314043327767,
          "8_20": 0.1631882347024306,
          "12_16": 0.048817903065806634,
          "12_20": 0.11700452601672778,
          "16_20": 0.07187620029663715
        }
      },
      "tolerances": {
        "stability_frames": 10,
        "confidence_threshold": 0.7,
        "angle_tolerance": 10,
        "distance_tolerance": 0.03
      },
      "sample_count": 50,
      "calibration_date": 1759003012.0600286
    },
    "C": {
      "pattern": {
        "hand_width": 0.20803000000000002,
        "hand_height": 0.40543152,
        "finger_angles": {
          "thumb": 144.46236617026796,
          "index": 172.1032855884826,
          "middle": 171.1153601406448,
          "ring": 120.91405423542838,
          "pinky": 124.27543503277151
        },
        "finger_distances": {
          "4_8": 0.21206648399315003,
          "4_12": 0.25054746021083074,
          "4_16": 0.1440091494623686,
          "4_20": 0.16552796909660164,
          "8_12": 0.04916979208876767,
          "8_16": 0.1791063190084514,
          "8_20": 0.23053930858905017,
          "12_16": 0.18006926554076522,
          "12_20": 0.2338066438440233,
          "16_20": 0.056632488706971004
        }
      },
      "tolerances": {
        "stability_frames": 10,
        "confidence_threshold": 0.7,
        "angle_tolerance": 10,
        "distance_tolerance": 0.03
      },
      "sample_count": 50,
      "calibration_date": 1759003012.0610287
    },
    "M": {
      "pattern": {
        "hand_width": 0.18843497999999997,
        "hand_height": 0.30982864,
        "finger_angles": {
          "thumb": 166.24918754909635,
          "index": 109.9559044390009,
          "middle": 105.55631220072053,
          "ring": 106.20719140830896,
          "pinky": 115.9299199655939
        },
        "finger_distances": {
          "4_8": 0.07001024251031261,
          "4_12": 0.09118064924445601,
          "4_16": 0.10817816592098844,
          "4_20": 0.12892732554535147,
          "8_12": 0.03167138332477152,
          "8_16": 0.057683664637937095,
          "8_20": 0.08599033493092686,
          "12_16": 0.027896274984684766,
          "12_20": 0.05926857687937642,
          "16_20": 0.035265784084944206
        }
      },
      "tolerances": {
        "stability_frames": 10,
        "confidence_threshold": 0.7,
        "angle_tolerance": 10,
        "distance_tolerance": 0.03
      },
      "sample_count": 50,
      "calibration_date": 1759003012.0640287
    },
    "S": {
      "pattern": {
        "hand_width": 0.20727939130434778,
        "hand_height": 0.20985341304347827,
        "finger_angles": {
          "thumb": 157.0374176333111,
          "index": 158.72048812548238,
          "middle": 156.780553280202,
          "ring": 154.8438835298958,
          "pinky": 155.31122282296926
        },
        "finger_distances": {
          "4_8": 0.06626703480410788,
          "4_12": 0.09356355690415512,
          "4_16": 0.10871130172283783,
          "4_20": 0.1077749589036234,
          "8_12": 0.03416493071054792,
          "8_16": 0.05205758147400425,
          "8_20": 0.05467333903097909,
          "12_16": 0.019624015099855084,
          "12_20": 0.03543182997547849,
          "16_20": 0.02851431396137158
        }
      },
      "tolerances": {
        "stability_frames": 10,
        "confidence_threshold": 0.7,
        "angle_tolerance": 10,
        "distance_tolerance": 0.03
      },
      "sample_count": 46,
      "calibration_date": 1759003012.0660293
    },
    "T": {
      "pattern": {
        "hand_width": 0.19732722000000003,
        "hand_height": 0.39625059999999995,
        "finger_angles": {
          "thumb": 131.33466522504474,
          "index": 104.86489075261323,
          "middle": 100.35734518324455,
          "ring": 99.26325190607704,
          "pinky": 106.85365609028506
        },
        "finger_distances": {
          "4_8": 0.0962073702822862,
          "4_12": 0.09407157551094544,
          "4_16": 0.09008823033141335,
          "4_20": 0.11529326403859498,
          "8_12": 0.04173042865821312,
          "8_16": 0.08448931680280924,
          "8_20": 0.1351514218664452,
          "12_16": 0.04601480107117557,
          "12_20": 0.0995168909311422,
          "16_20": 0.05607134937704863
        }
      },